[
    {
        "name": "Radio El Pueblo",
        "id": "radioelpueblo",
        "logo": "",
        "url": "http://zafertv85.shop:8080/grkt2715/1d00212becbf89bb/201526",
        "categories": [
            "PE | Peru"
        ],
        "country": ""
    },
    {
        "name": "JN19 (720p)",
        "id": "jn19720p",
        "logo": "",
        "url": "http://zafertv85.shop:8080/grkt2715/1d00212becbf89bb/201481",
        "categories": [
            "PE | Peru"
        ],
        "country": ""
    },
    {
        "name": "NorSelva RTV",
        "id": "norselvartv",
        "logo": "",
        "url": "http://zafertv85.shop:8080/grkt2715/1d00212becbf89bb/201508",
        "categories": [
            "PE | Peru"
        ],
        "country": ""
    },
    {
        "name": "Radio San Borja TV (720p)",
        "id": "radiosanborjatv720p",
        "logo": "",
        "url": "http://zafertv85.shop:8080/grkt2715/1d00212becbf89bb/201528",
        "categories": [
            "PE | Peru"
        ],
        "country": ""
    },
    {
        "name": "PiuraTV (720p)",
        "id": "piuratv720p",
        "logo": "",
        "url": "http://zafertv85.shop:8080/grkt2715/1d00212becbf89bb/201520",
        "categories": [
            "PE | Peru"
        ],
        "country": ""
    },
    {
        "name": "Radio TV Tendencias",
        "id": "radiotvtendencias",
        "logo": "",
        "url": "http://zafertv85.shop:8080/grkt2715/1d00212becbf89bb/201532",
        "categories": [
            "PE | Peru"
        ],
        "country": ""
    },
    {
        "name": "Nazarenas TV (720p)",
        "id": "nazarenastv720p",
        "logo": "",
        "url": "http://zafertv85.shop:8080/grkt2715/1d00212becbf89bb/201507",
        "categories": [
            "PE | Peru"
        ],
        "country": ""
    },
    {
        "name": "Huánuco en Vivo (480p)",
        "id": "hunucoenvivo480p",
        "logo": "",
        "url": "http://zafertv85.shop:8080/grkt2715/1d00212becbf89bb/201475",
        "categories": [
            "PE | Peru"
        ],
        "country": ""
    },
    {
        "name": "Nativa TV (Satipo)",
        "id": "nativatvsatipo",
        "logo": "",
        "url": "http://zafertv85.shop:8080/grkt2715/1d00212becbf89bb/201506",
        "categories": [
            "PE | Peru"
        ],
        "country": ""
    },
    {
        "name": "Canal E",
        "id": "canale",
        "logo": "",
        "url": "http://zafertv85.shop:8080/grkt2715/1d00212becbf89bb/201442",
        "categories": [
            "PE | Peru"
        ],
        "country": ""
    },
    {
        "name": "Canal 8 (Catacaos) (360p)",
        "id": "canal8catacaos360p",
        "logo": "",
        "url": "http://zafertv85.shop:8080/grkt2715/1d00212becbf89bb/201441",
        "categories": [
            "PE | Peru"
        ],
        "country": ""
    },
    {
        "name": "Central TV (Chosica) (614p)",
        "id": "centraltvchosica614p",
        "logo": "",
        "url": "http://zafertv85.shop:8080/grkt2715/1d00212becbf89bb/201445",
        "categories": [
            "PE | Peru"
        ],
        "country": ""
    },
    {
        "name": "Intuitiva TV",
        "id": "intuitivatv",
        "logo": "",
        "url": "http://zafertv85.shop:8080/grkt2715/1d00212becbf89bb/201480",
        "categories": [
            "PE | Peru"
        ],
        "country": ""
    },
    {
        "name": "CreoTV (Cajamarca) (720p)",
        "id": "creotvcajamarca720p",
        "logo": "",
        "url": "http://zafertv85.shop:8080/grkt2715/1d00212becbf89bb/201458",
        "categories": [
            "PE | Peru"
        ],
        "country": ""
    },
    {
        "name": "Galáctica TV (Peru) (1080p)",
        "id": "galcticatvperu1080p",
        "logo": "",
        "url": "http://zafertv85.shop:8080/grkt2715/1d00212becbf89bb/201469",
        "categories": [
            "PE | Peru"
        ],
        "country": ""
    },
    {
        "name": "OK TeVe (Yurimaguas) (720p)",
        "id": "okteveyurimaguas720p",
        "logo": "",
        "url": "http://zafertv85.shop:8080/grkt2715/1d00212becbf89bb/201510",
        "categories": [
            "PE | Peru"
        ],
        "country": ""
    },
    {
        "name": "Canal IPe",
        "id": "canalipe",
        "logo": "",
        "url": "http://zafertv85.shop:8080/grkt2715/1d00212becbf89bb/201443",
        "categories": [
            "PE | Peru"
        ],
        "country": ""
    },
    {
        "name": "Cultura 24 (360p)",
        "id": "cultura24360p",
        "logo": "",
        "url": "http://zafertv85.shop:8080/grkt2715/1d00212becbf89bb/201461",
        "categories": [
            "PE | Peru"
        ],
        "country": ""
    },
    {
        "name": "Huacho Perú TV",
        "id": "huachopertv",
        "logo": "",
        "url": "http://zafertv85.shop:8080/grkt2715/1d00212becbf89bb/201474",
        "categories": [
            "PE | Peru"
        ],
        "country": ""
    },
    {
        "name": "Imagen Televisión (Rioja) (720p)",
        "id": "imagentelevisinrioja720p",
        "logo": "",
        "url": "http://zafertv85.shop:8080/grkt2715/1d00212becbf89bb/201477",
        "categories": [
            "PE | Peru"
        ],
        "country": ""
    },
    {
        "name": "Mega TV (Arequipa)",
        "id": "megatvarequipa",
        "logo": "",
        "url": "http://zafertv85.shop:8080/grkt2715/1d00212becbf89bb/201492",
        "categories": [
            "PE | Peru"
        ],
        "country": ""
    },
    {
        "name": "Nativa (720p)",
        "id": "nativa720p",
        "logo": "",
        "url": "http://zafertv85.shop:8080/grkt2715/1d00212becbf89bb/201505",
        "categories": [
            "PE | Peru"
        ],
        "country": ""
    },
    {
        "name": "PBO Digital (720p)",
        "id": "pbodigital720p",
        "logo": "",
        "url": "http://zafertv85.shop:8080/grkt2715/1d00212becbf89bb/201516",
        "categories": [
            "PE | Peru"
        ],
        "country": ""
    },
    {
        "name": "Identidad TV (720p)",
        "id": "identidadtv720p",
        "logo": "",
        "url": "http://zafertv85.shop:8080/grkt2715/1d00212becbf89bb/201476",
        "categories": [
            "PE | Peru"
        ],
        "country": ""
    },
    {
        "name": "CNC Cajamarca (720p)",
        "id": "cnccajamarca720p",
        "logo": "",
        "url": "http://zafertv85.shop:8080/grkt2715/1d00212becbf89bb/201451",
        "categories": [
            "PE | Peru"
        ],
        "country": ""
    },
    {
        "name": "La Luz TV (720p)",
        "id": "laluztv720p",
        "logo": "",
        "url": "http://zafertv85.shop:8080/grkt2715/1d00212becbf89bb/201486",
        "categories": [
            "PE | Peru"
        ],
        "country": ""
    },
    {
        "name": "JNE TV (720p)",
        "id": "jnetv720p",
        "logo": "",
        "url": "http://zafertv85.shop:8080/grkt2715/1d00212becbf89bb/201482",
        "categories": [
            "PE | Peru"
        ],
        "country": ""
    },
    {
        "name": "La Islilla TV",
        "id": "laislillatv",
        "logo": "",
        "url": "http://zafertv85.shop:8080/grkt2715/1d00212becbf89bb/201485",
        "categories": [
            "PE | Peru"
        ],
        "country": ""
    },
    {
        "name": "PeruvianRadio TV",
        "id": "peruvianradiotv",
        "logo": "",
        "url": "http://zafertv85.shop:8080/grkt2715/1d00212becbf89bb/201519",
        "categories": [
            "PE | Peru"
        ],
        "country": ""
    },
    {
        "name": "Mega TV (Jaen) (720p)",
        "id": "megatvjaen720p",
        "logo": "",
        "url": "http://zafertv85.shop:8080/grkt2715/1d00212becbf89bb/201493",
        "categories": [
            "PE | Peru"
        ],
        "country": ""
    },
    {
        "name": "Millenium 109 FM (Lamas) (720p)",
        "id": "millenium109fmlamas720p",
        "logo": "",
        "url": "http://zafertv85.shop:8080/grkt2715/1d00212becbf89bb/201495",
        "categories": [
            "PE | Peru"
        ],
        "country": ""
    },
    {
        "name": "DMJ (Cuzco) (720p)",
        "id": "dmjcuzco720p",
        "logo": "",
        "url": "http://zafertv85.shop:8080/grkt2715/1d00212becbf89bb/201464",
        "categories": [
            "PE | Peru"
        ],
        "country": ""
    },
    {
        "name": "FuegoTV (Lima) (720p)",
        "id": "fuegotvlima720p",
        "logo": "",
        "url": "http://zafertv85.shop:8080/grkt2715/1d00212becbf89bb/201467",
        "categories": [
            "PE | Peru"
        ],
        "country": ""
    },
    {
        "name": "Impacto Televisión (360p)",
        "id": "impactotelevisin360p",
        "logo": "",
        "url": "http://zafertv85.shop:8080/grkt2715/1d00212becbf89bb/201478",
        "categories": [
            "PE | Peru"
        ],
        "country": ""
    },
    {
        "name": "Planeta TV",
        "id": "planetatv",
        "logo": "",
        "url": "http://zafertv85.shop:8080/grkt2715/1d00212becbf89bb/201521",
        "categories": [
            "PE | Peru"
        ],
        "country": ""
    },
    {
        "name": "RadioTV Oriente (Yurimaguas) (1080p)",
        "id": "radiotvorienteyurimaguas1080p",
        "logo": "",
        "url": "http://zafertv85.shop:8080/grkt2715/1d00212becbf89bb/201531",
        "categories": [
            "PE | Peru"
        ],
        "country": ""
    },
    {
        "name": "CharapaTV (Pucallpa)",
        "id": "charapatvpucallpa",
        "logo": "",
        "url": "http://zafertv85.shop:8080/grkt2715/1d00212becbf89bb/201446",
        "categories": [
            "PE | Peru"
        ],
        "country": ""
    },
    {
        "name": "LotPlus TV (Chiclayo) (720p)",
        "id": "lotplustvchiclayo720p",
        "logo": "",
        "url": "http://zafertv85.shop:8080/grkt2715/1d00212becbf89bb/201489",
        "categories": [
            "PE | Peru"
        ],
        "country": ""
    },
    {
        "name": "Imperial Televisión (Huancayo) (720p)",
        "id": "imperialtelevisinhuancayo720p",
        "logo": "",
        "url": "http://zafertv85.shop:8080/grkt2715/1d00212becbf89bb/201479",
        "categories": [
            "PE | Peru"
        ],
        "country": ""
    },
    {
        "name": "CNC Digital",
        "id": "cncdigital",
        "logo": "",
        "url": "http://zafertv85.shop:8080/grkt2715/1d00212becbf89bb/201452",
        "categories": [
            "PE | Peru"
        ],
        "country": ""
    },
    {
        "name": "Hoynet (360p)",
        "id": "hoynet360p",
        "logo": "",
        "url": "http://zafertv85.shop:8080/grkt2715/1d00212becbf89bb/201473",
        "categories": [
            "PE | Peru"
        ],
        "country": ""
    },
    {
        "name": "LimaLive",
        "id": "limalive",
        "logo": "",
        "url": "http://zafertv85.shop:8080/grkt2715/1d00212becbf89bb/201488",
        "categories": [
            "PE | Peru"
        ],
        "country": ""
    },
    {
        "name": "Agro TV (Apurimac)",
        "id": "agrotvapurimac",
        "logo": "",
        "url": "http://zafertv85.shop:8080/grkt2715/1d00212becbf89bb/201424",
        "categories": [
            "PE | Peru"
        ],
        "country": ""
    },
    {
        "name": "Radio TV Juanjui",
        "id": "radiotvjuanjui",
        "logo": "",
        "url": "http://zafertv85.shop:8080/grkt2715/1d00212becbf89bb/201530",
        "categories": [
            "PE | Peru"
        ],
        "country": ""
    },
    {
        "name": "Cajamarca TV (480p)",
        "id": "cajamarcatv480p",
        "logo": "",
        "url": "http://zafertv85.shop:8080/grkt2715/1d00212becbf89bb/201440",
        "categories": [
            "PE | Peru"
        ],
        "country": ""
    },
    {
        "name": "X TV (Chachapoyas)",
        "id": "xtvchachapoyas",
        "logo": "",
        "url": "http://lobitv65.xyz:8080/svd2884/svd.475/201593",
        "categories": [
            "PE | Peru"
        ],
        "country": ""
    },
    {
        "name": "Hatun TV",
        "id": "hatuntv",
        "logo": "",
        "url": "http://zafertv85.shop:8080/grkt2715/1d00212becbf89bb/201472",
        "categories": [
            "PE | Peru"
        ],
        "country": ""
    },
    {
        "name": "Onda Digital (720p)",
        "id": "ondadigital720p",
        "logo": "",
        "url": "http://zafertv85.shop:8080/grkt2715/1d00212becbf89bb/201511",
        "categories": [
            "PE | Peru"
        ],
        "country": ""
    },
    {
        "name": "Monterrico TV (360p)",
        "id": "monterricotv360p",
        "logo": "",
        "url": "http://zafertv85.shop:8080/grkt2715/1d00212becbf89bb/201501",
        "categories": [
            "PE | Peru"
        ],
        "country": ""
    },
    {
        "name": "Radio Chalaca (720p)",
        "id": "radiochalaca720p",
        "logo": "",
        "url": "http://zafertv85.shop:8080/grkt2715/1d00212becbf89bb/201525",
        "categories": [
            "PE | Peru"
        ],
        "country": ""
    },
    {
        "name": "Karibeña (720p)",
        "id": "karibea720p",
        "logo": "",
        "url": "http://zafertv85.shop:8080/grkt2715/1d00212becbf89bb/201483",
        "categories": [
            "PE | Peru"
        ],
        "country": ""
    },
    {
        "name": "Planeta TV (Bagua) (720p)",
        "id": "planetatvbagua720p",
        "logo": "",
        "url": "http://zafertv85.shop:8080/grkt2715/1d00212becbf89bb/201522",
        "categories": [
            "PE | Peru"
        ],
        "country": ""
    },
    {
        "name": "Chicos IPe (1080p)",
        "id": "chicosipe1080p",
        "logo": "",
        "url": "http://zafertv85.shop:8080/grkt2715/1d00212becbf89bb/201447",
        "categories": [
            "PE | Peru"
        ],
        "country": ""
    },
    {
        "name": "Conecta2TV (Lima) (720p)",
        "id": "conecta2tvlima720p",
        "logo": "",
        "url": "http://zafertv85.shop:8080/grkt2715/1d00212becbf89bb/201454",
        "categories": [
            "PE | Peru"
        ],
        "country": ""
    },
    {
        "name": "Auténtica Televisión (720p)",
        "id": "autnticatelevisin720p",
        "logo": "",
        "url": "http://zafertv85.shop:8080/grkt2715/1d00212becbf89bb/201433",
        "categories": [
            "PE | Peru"
        ],
        "country": ""
    },
    {
        "name": "MINEDU IPTV 1 (320p)",
        "id": "mineduiptv1320p",
        "logo": "",
        "url": "http://zafertv85.shop:8080/grkt2715/1d00212becbf89bb/201497",
        "categories": [
            "PE | Peru"
        ],
        "country": ""
    }
]