[
    {
        "name": "USA Network East Feed",
        "id": "usanetworkeastfeed",
        "logo": "",
        "url": "https://tvpass.org/live/USANetworkEast/sd",
        "categories": [
            "tvpass"
        ],
        "country": ""
    },
    {
        "name": "USA Network East Feed HD",
        "id": "usanetworkeastfeedhd",
        "logo": "",
        "url": "https://tvpass.org/live/USANetworkEast/hd",
        "categories": [
            "tvpass"
        ],
        "country": ""
    },
    {
        "name": "Telemundo Eastern Feed SD",
        "id": "telemundoeasternfeedsd",
        "logo": "",
        "url": "https://tvpass.org/live/TelemundoEast/sd",
        "categories": [
            "tvpass"
        ],
        "country": ""
    },
    {
        "name": "Telemundo Eastern Feed HD",
        "id": "telemundoeasternfeedhd",
        "logo": "",
        "url": "https://tvpass.org/live/TelemundoEast/hd",
        "categories": [
            "tvpass"
        ],
        "country": ""
    },
    {
        "name": "A&E US Eastern Feed SD",
        "id": "aeuseasternfeedsd",
        "logo": "",
        "url": "https://tvpass.org/live/AEEast/sd",
        "categories": [
            "tvpass"
        ],
        "country": ""
    },
    {
        "name": "New York Islanders @ New Jersey Devils (02/05 7:00 PM ET)",
        "id": "newyorkislandersnewjerseydevils0205700pmet",
        "logo": "",
        "url": "https://tvpass.org/live/NHL09/sd",
        "categories": [
            "tvpass"
        ],
        "country": ""
    },
    {
        "name": "NY HD",
        "id": "nyhd",
        "logo": "",
        "url": "https://tvpass.org/live/WNET/hd",
        "categories": [
            "tvpass"
        ],
        "country": ""
    },
    {
        "name": "NY",
        "id": "ny",
        "logo": "",
        "url": "https://tvpass.org/live/WNET/sd",
        "categories": [
            "tvpass"
        ],
        "country": ""
    },
    {
        "name": "A&E US Eastern Feed HD",
        "id": "aeuseasternfeedhd",
        "logo": "",
        "url": "https://tvpass.org/live/AEEast/hd",
        "categories": [
            "tvpass"
        ],
        "country": ""
    },
    {
        "name": "ACC Network SD",
        "id": "accnetworksd",
        "logo": "",
        "url": "https://tvpass.org/live/ACCNetwork/sd",
        "categories": [
            "tvpass"
        ],
        "country": ""
    },
    {
        "name": "ABC (KABC) Los Angeles SD",
        "id": "abckabclosangelessd",
        "logo": "",
        "url": "https://tvpass.org/live/abc-kabc-los-angeles-ca/sd",
        "categories": [
            "tvpass"
        ],
        "country": ""
    },
    {
        "name": "American Heroes Channel HD",
        "id": "americanheroeschannelhd",
        "logo": "",
        "url": "https://tvpass.org/live/AmericanHeroesChannel/hd",
        "categories": [
            "tvpass"
        ],
        "country": ""
    },
    {
        "name": "Animal Planet US East HD",
        "id": "animalplanetuseasthd",
        "logo": "",
        "url": "https://tvpass.org/live/AnimalPlanetEast/hd",
        "categories": [
            "tvpass"
        ],
        "country": ""
    },
    {
        "name": "Big Ten Network SD",
        "id": "bigtennetworksd",
        "logo": "",
        "url": "https://tvpass.org/live/BTN/sd",
        "categories": [
            "tvpass"
        ],
        "country": ""
    },
    {
        "name": "Fanduel Sports Network Great Lakes HD",
        "id": "fanduelsportsnetworkgreatlakeshd",
        "logo": "",
        "url": "https://tvpass.org/live/fanduel-sports-network-great-lakes/hd",
        "categories": [
            "tvpass"
        ],
        "country": ""
    },
    {
        "name": "TSN2 SD",
        "id": "tsn2sd",
        "logo": "",
        "url": "https://tvpass.org/live/tsn2/sd",
        "categories": [
            "tvpass"
        ],
        "country": ""
    },
    {
        "name": "FYI USA Eastern",
        "id": "fyiusaeastern",
        "logo": "",
        "url": "https://tvpass.org/live/FYIEast/sd",
        "categories": [
            "tvpass"
        ],
        "country": ""
    },
    {
        "name": "Lifetime Network US Eastern Feed",
        "id": "lifetimenetworkuseasternfeed",
        "logo": "",
        "url": "https://tvpass.org/live/LifetimeEast/sd",
        "categories": [
            "tvpass"
        ],
        "country": ""
    },
    {
        "name": "ABC (KABC) Los Angeles HD",
        "id": "abckabclosangeleshd",
        "logo": "",
        "url": "https://tvpass.org/live/abc-kabc-los-angeles-ca/hd",
        "categories": [
            "tvpass"
        ],
        "country": ""
    },
    {
        "name": "Altitude Sports Denver SD",
        "id": "altitudesportsdenversd",
        "logo": "",
        "url": "https://tvpass.org/live/altitude-sports-denver/sd",
        "categories": [
            "tvpass"
        ],
        "country": ""
    },
    {
        "name": "AMC Eastern Feed HD",
        "id": "amceasternfeedhd",
        "logo": "",
        "url": "https://tvpass.org/live/AMCEast/hd",
        "categories": [
            "tvpass"
        ],
        "country": ""
    },
    {
        "name": "Animal Planet US East SD",
        "id": "animalplanetuseastsd",
        "logo": "",
        "url": "https://tvpass.org/live/AnimalPlanetEast/sd",
        "categories": [
            "tvpass"
        ],
        "country": ""
    },
    {
        "name": "BBC America East HD",
        "id": "bbcamericaeasthd",
        "logo": "",
        "url": "https://tvpass.org/live/BBCAmericaEast/hd",
        "categories": [
            "tvpass"
        ],
        "country": ""
    },
    {
        "name": "BBC News North America HD SD",
        "id": "bbcnewsnorthamericahdsd",
        "logo": "",
        "url": "https://tvpass.org/live/BBCWorldNewsNorthAmerica/sd",
        "categories": [
            "tvpass"
        ],
        "country": ""
    },
    {
        "name": "BBC News North America HD HD",
        "id": "bbcnewsnorthamericahdhd",
        "logo": "",
        "url": "https://tvpass.org/live/BBCWorldNewsNorthAmerica/hd",
        "categories": [
            "tvpass"
        ],
        "country": ""
    },
    {
        "name": "CBS Sports Network USA HD",
        "id": "cbssportsnetworkusahd",
        "logo": "",
        "url": "https://tvpass.org/live/CBSSportsNetworkUSA/hd",
        "categories": [
            "tvpass"
        ],
        "country": ""
    },
    {
        "name": "CNN US SD",
        "id": "cnnussd",
        "logo": "",
        "url": "https://tvpass.org/live/CNN/sd",
        "categories": [
            "tvpass"
        ],
        "country": ""
    },
    {
        "name": "Fanduel Sports Network Socal HD",
        "id": "fanduelsportsnetworksocalhd",
        "logo": "",
        "url": "https://tvpass.org/live/fanduel-sports-network-socal/hd",
        "categories": [
            "tvpass"
        ],
        "country": ""
    },
    {
        "name": "FOX (KTTV) Los Angeles HD",
        "id": "foxkttvlosangeleshd",
        "logo": "",
        "url": "https://tvpass.org/live/fox-kttv-los-angeles-ca/hd",
        "categories": [
            "tvpass"
        ],
        "country": ""
    },
    {
        "name": "Fox News SD",
        "id": "foxnewssd",
        "logo": "",
        "url": "https://tvpass.org/live/FoxNewsChannel/sd",
        "categories": [
            "tvpass"
        ],
        "country": ""
    },
    {
        "name": "Fox News HD",
        "id": "foxnewshd",
        "logo": "",
        "url": "https://tvpass.org/live/FoxNewsChannel/hd",
        "categories": [
            "tvpass"
        ],
        "country": ""
    },
    {
        "name": "Fox Sports 1 SD",
        "id": "foxsports1sd",
        "logo": "",
        "url": "https://tvpass.org/live/FoxSports1/sd",
        "categories": [
            "tvpass"
        ],
        "country": ""
    },
    {
        "name": "FUSE TV Eastern feed SD",
        "id": "fusetveasternfeedsd",
        "logo": "",
        "url": "https://tvpass.org/live/FuseEast/sd",
        "categories": [
            "tvpass"
        ],
        "country": ""
    },
    {
        "name": "Marquee Sports Network SD",
        "id": "marqueesportsnetworksd",
        "logo": "",
        "url": "https://tvpass.org/live/marquee-sports-network/sd",
        "categories": [
            "tvpass"
        ],
        "country": ""
    },
    {
        "name": "NBC Sports Bay Area HD",
        "id": "nbcsportsbayareahd",
        "logo": "",
        "url": "https://tvpass.org/live/nbc-sports-bay-area/hd",
        "categories": [
            "tvpass"
        ],
        "country": ""
    },
    {
        "name": "NFL RedZone SD",
        "id": "nflredzonesd",
        "logo": "",
        "url": "https://tvpass.org/live/NFLRedZone/sd",
        "categories": [
            "tvpass"
        ],
        "country": ""
    },
    {
        "name": "Outdoor Channel US SD",
        "id": "outdoorchannelussd",
        "logo": "",
        "url": "https://tvpass.org/live/OutdoorChannel/sd",
        "categories": [
            "tvpass"
        ],
        "country": ""
    },
    {
        "name": "ReelzChannel HD",
        "id": "reelzchannelhd",
        "logo": "",
        "url": "https://tvpass.org/live/Reelz/hd",
        "categories": [
            "tvpass"
        ],
        "country": ""
    },
    {
        "name": "Showtime Eastern Feed SD",
        "id": "showtimeeasternfeedsd",
        "logo": "",
        "url": "https://tvpass.org/live/ShowtimeEast/sd",
        "categories": [
            "tvpass"
        ],
        "country": ""
    },
    {
        "name": "Spectrum SportsNet LA SD",
        "id": "spectrumsportsnetlasd",
        "logo": "",
        "url": "https://tvpass.org/live/spectrum-sportsnet-la/sd",
        "categories": [
            "tvpass"
        ],
        "country": ""
    },
    {
        "name": "Spectrum SportsNet LA HD",
        "id": "spectrumsportsnetlahd",
        "logo": "",
        "url": "https://tvpass.org/live/spectrum-sportsnet-la/hd",
        "categories": [
            "tvpass"
        ],
        "country": ""
    },
    {
        "name": "Sportsnet (East) HD",
        "id": "sportsneteasthd",
        "logo": "",
        "url": "https://tvpass.org/live/sportsnet-east/hd",
        "categories": [
            "tvpass"
        ],
        "country": ""
    },
    {
        "name": "Sportsnet Pacific SD",
        "id": "sportsnetpacificsd",
        "logo": "",
        "url": "https://tvpass.org/live/sportsnet-pacific/sd",
        "categories": [
            "tvpass"
        ],
        "country": ""
    },
    {
        "name": "Sportsnet Pacific HD",
        "id": "sportsnetpacifichd",
        "logo": "",
        "url": "https://tvpass.org/live/sportsnet-pacific/hd",
        "categories": [
            "tvpass"
        ],
        "country": ""
    },
    {
        "name": "Sportsnet West SD",
        "id": "sportsnetwestsd",
        "logo": "",
        "url": "https://tvpass.org/live/sportsnet-west/sd",
        "categories": [
            "tvpass"
        ],
        "country": ""
    },
    {
        "name": "SundanceTV USA East HD",
        "id": "sundancetvusaeasthd",
        "logo": "",
        "url": "https://tvpass.org/live/SundanceTVEast/hd",
        "categories": [
            "tvpass"
        ],
        "country": ""
    },
    {
        "name": "Syfy Eastern Feed HD",
        "id": "syfyeasternfeedhd",
        "logo": "",
        "url": "https://tvpass.org/live/SyfyEast/hd",
        "categories": [
            "tvpass"
        ],
        "country": ""
    },
    {
        "name": "TNT Eastern Feed SD",
        "id": "tnteasternfeedsd",
        "logo": "",
        "url": "https://tvpass.org/live/TNTEast/sd",
        "categories": [
            "tvpass"
        ],
        "country": ""
    },
    {
        "name": "TSN4 SD",
        "id": "tsn4sd",
        "logo": "",
        "url": "https://tvpass.org/live/tsn4/sd",
        "categories": [
            "tvpass"
        ],
        "country": ""
    },
    {
        "name": "Turner Classic Movies USA SD",
        "id": "turnerclassicmoviesusasd",
        "logo": "",
        "url": "https://tvpass.org/live/TCMEast/sd",
        "categories": [
            "tvpass"
        ],
        "country": ""
    },
    {
        "name": "TV Land Eastern SD",
        "id": "tvlandeasternsd",
        "logo": "",
        "url": "https://tvpass.org/live/tv-land-eastern/sd",
        "categories": [
            "tvpass"
        ],
        "country": ""
    },
    {
        "name": "TV One SD",
        "id": "tvonesd",
        "logo": "",
        "url": "https://tvpass.org/live/TVOne/sd",
        "categories": [
            "tvpass"
        ],
        "country": ""
    },
    {
        "name": "Univision Eastern Feed SD",
        "id": "univisioneasternfeedsd",
        "logo": "",
        "url": "https://tvpass.org/live/UnivisionEast/sd",
        "categories": [
            "tvpass"
        ],
        "country": ""
    },
    {
        "name": "WE (Women's Entertainment) Eastern SD",
        "id": "wewomensentertainmenteasternsd",
        "logo": "",
        "url": "https://tvpass.org/live/WeTVEast/sd",
        "categories": [
            "tvpass"
        ],
        "country": ""
    },
    {
        "name": "WPIX New York (SUPERSTATION) SD",
        "id": "wpixnewyorksuperstationsd",
        "logo": "",
        "url": "https://tvpass.org/live/WPIX/sd",
        "categories": [
            "tvpass"
        ],
        "country": ""
    },
    {
        "name": "Yes Network SD",
        "id": "yesnetworksd",
        "logo": "",
        "url": "https://tvpass.org/live/yes-network/sd",
        "categories": [
            "tvpass"
        ],
        "country": ""
    },
    {
        "name": "BET Eastern Feed",
        "id": "beteasternfeed",
        "logo": "",
        "url": "https://tvpass.org/live/BETEast/sd",
        "categories": [
            "tvpass"
        ],
        "country": ""
    },
    {
        "name": "E! Entertainment USA Eastern Feed",
        "id": "eentertainmentusaeasternfeed",
        "logo": "",
        "url": "https://tvpass.org/live/EEast/sd",
        "categories": [
            "tvpass"
        ],
        "country": ""
    },
    {
        "name": "ESPN Deportes",
        "id": "espndeportes",
        "logo": "",
        "url": "https://tvpass.org/live/espn-deportes/sd",
        "categories": [
            "tvpass"
        ],
        "country": ""
    },
    {
        "name": "Fanduel Sports Network Detroit",
        "id": "fanduelsportsnetworkdetroit",
        "logo": "",
        "url": "https://tvpass.org/live/fanduel-sports-network-detroit-hd/sd",
        "categories": [
            "tvpass"
        ],
        "country": ""
    },
    {
        "name": "Fanduel Sports Network Florida",
        "id": "fanduelsportsnetworkflorida",
        "logo": "",
        "url": "https://tvpass.org/live/fanduel-sports-network-florida/sd",
        "categories": [
            "tvpass"
        ],
        "country": ""
    },
    {
        "name": "Fanduel Sports Network Great Lakes",
        "id": "fanduelsportsnetworkgreatlakes",
        "logo": "",
        "url": "https://tvpass.org/live/fanduel-sports-network-great-lakes/sd",
        "categories": [
            "tvpass"
        ],
        "country": ""
    },
    {
        "name": "Fanduel Sports Network Wisconsin",
        "id": "fanduelsportsnetworkwisconsin",
        "logo": "",
        "url": "https://tvpass.org/live/fanduel-sports-network-wisconsin/sd",
        "categories": [
            "tvpass"
        ],
        "country": ""
    },
    {
        "name": "Fanduel Sports Southeast North Carolina",
        "id": "fanduelsportssoutheastnorthcarolina",
        "logo": "",
        "url": "https://tvpass.org/live/fanduel-sports-southeast-north-carolina/sd",
        "categories": [
            "tvpass"
        ],
        "country": ""
    },
    {
        "name": "Fanduel Sports Southeast Tennessee Nashville",
        "id": "fanduelsportssoutheasttennesseenashville",
        "logo": "",
        "url": "https://tvpass.org/live/fanduel-sports-southeast-tennessee-nashville/sd",
        "categories": [
            "tvpass"
        ],
        "country": ""
    },
    {
        "name": "Fanduel Sports Sun",
        "id": "fanduelsportssun",
        "logo": "",
        "url": "https://tvpass.org/live/fanduel-sports-sun/sd",
        "categories": [
            "tvpass"
        ],
        "country": ""
    },
    {
        "name": "HBO Eastern Feed",
        "id": "hboeasternfeed",
        "logo": "",
        "url": "https://tvpass.org/live/HBOEast/sd",
        "categories": [
            "tvpass"
        ],
        "country": ""
    },
    {
        "name": "HGTV USA Eastern Feed",
        "id": "hgtvusaeasternfeed",
        "logo": "",
        "url": "https://tvpass.org/live/HGTVEast/sd",
        "categories": [
            "tvpass"
        ],
        "country": ""
    },
    {
        "name": "ReelzChannel",
        "id": "reelzchannel",
        "logo": "",
        "url": "https://tvpass.org/live/Reelz/sd",
        "categories": [
            "tvpass"
        ],
        "country": ""
    },
    {
        "name": "Nashville Predators @ Vegas Golden Knights (12/31 3:00 PM ET)",
        "id": "nashvillepredatorsvegasgoldenknights1231300pmet",
        "logo": "",
        "url": "https://tvpass.org/live/NHL12/sd",
        "categories": [
            "tvpass"
        ],
        "country": ""
    }
]